<?xml version="1.0" encoding="UTF-8"?>
<project-private xmlns="http://www.netbeans.org/ns/project-private/1">
    <editor-bookmarks xmlns="http://www.netbeans.org/ns/editor-bookmarks/2" lastBookmarkId="0"/>
    <open-files xmlns="http://www.netbeans.org/ns/projectui-open-files/2">
        <group>
            <file>file:/C:/Users/vadas/Documents/NetBeansProjects/AirlineReservation/AirlineReservation-ejb/src/java/com/airline/ejb/FlightDetails.java</file>
            <file>file:/C:/Users/vadas/Documents/NetBeansProjects/AirlineReservation/AirlineReservation-ejb/src/conf/persistence.xml</file>
        </group>
    </open-files>
</project-private>
