<?xml version="1.0" encoding="UTF-8"?>
<project-private xmlns="http://www.netbeans.org/ns/project-private/1">
    <editor-bookmarks xmlns="http://www.netbeans.org/ns/editor-bookmarks/2" lastBookmarkId="0"/>
    <open-files xmlns="http://www.netbeans.org/ns/projectui-open-files/2">
        <group>
            <file>file:/C:/Users/vadas/Documents/NetBeansProjects/AirlineReservation/AirlineReservation-war/web/header.xhtml</file>
            <file>file:/C:/Users/vadas/Documents/NetBeansProjects/AirlineReservation/AirlineReservation-war/web/largeSeatPlan.xhtml</file>
            <file>file:/C:/Users/vadas/Documents/NetBeansProjects/AirlineReservation/AirlineReservation-war/web/flightDetails.xhtml</file>
            <file>file:/C:/Users/vadas/Documents/NetBeansProjects/AirlineReservation/AirlineReservation-war/src/java/com/airline/model/FlightDisplay.java</file>
            <file>file:/C:/Users/vadas/Documents/NetBeansProjects/AirlineReservation/AirlineReservation-war/web/userHome.xhtml</file>
            <file>file:/C:/Users/vadas/Documents/NetBeansProjects/AirlineReservation/AirlineReservation-war/web/WEB-INF/faces-config.xml</file>
            <file>file:/C:/Users/vadas/Documents/NetBeansProjects/AirlineReservation/AirlineReservation-war/web/managerHome.xhtml</file>
            <file>file:/C:/Users/vadas/Documents/NetBeansProjects/AirlineReservation/AirlineReservation-war/web/UserLogin.xhtml</file>
            <file>file:/C:/Users/vadas/Documents/NetBeansProjects/AirlineReservation/AirlineReservation-war/web/index.xhtml</file>
            <file>file:/C:/Users/vadas/Documents/NetBeansProjects/AirlineReservation/AirlineReservation-war/src/java/com/airline/model/LargeSeatPlan.java</file>
            <file>file:/C:/Users/vadas/Documents/NetBeansProjects/AirlineReservation/AirlineReservation-war/src/java/com/airline/model/CustomerBean.java</file>
        </group>
    </open-files>
</project-private>
