<?xml version="1.0" encoding="UTF-8"?>
<project-private xmlns="http://www.netbeans.org/ns/project-private/1">
    <editor-bookmarks xmlns="http://www.netbeans.org/ns/editor-bookmarks/2" lastBookmarkId="0"/>
    <open-files xmlns="http://www.netbeans.org/ns/projectui-open-files/2">
        <group>
            <file>file:/C:/Users/vadas/Documents/NetBeansProjects/AirlineReservation/AirlineReservation-war/src/java/com/airline/model/CheckboxView.java</file>
            <file>file:/C:/Users/vadas/Documents/NetBeansProjects/AirlineReservation/AirlineReservation-war/web/transactionComplete.xhtml</file>
            <file>file:/C:/Users/vadas/Documents/NetBeansProjects/AirlineReservation/AirlineReservation-war/web/flightDetails.xhtml</file>
            <file>file:/C:/Users/vadas/Documents/NetBeansProjects/AirlineReservation/AirlineReservation-war/web/index.xhtml</file>
            <file>file:/C:/Users/vadas/Documents/NetBeansProjects/AirlineReservation/AirlineReservation-war/src/java/com/airline/model/FlightDetailsBean.java</file>
            <file>file:/C:/Users/vadas/Documents/NetBeansProjects/AirlineReservation/AirlineReservation-war/src/java/com/airline/model/SmallSeatPlan.java</file>
            <file>file:/C:/Users/vadas/Documents/NetBeansProjects/AirlineReservation/AirlineReservation-war/src/java/com/airline/model/LargeSeatPlan.java</file>
            <file>file:/C:/Users/vadas/Documents/NetBeansProjects/AirlineReservation/AirlineReservation-war/web/Demo.xhtml</file>
            <file>file:/C:/Users/vadas/Documents/NetBeansProjects/AirlineReservation/AirlineReservation-war/web/header.xhtml</file>
            <file>file:/C:/Users/vadas/Documents/NetBeansProjects/AirlineReservation/AirlineReservation-war/web/welcomePrimefaces.xhtml</file>
            <file>file:/C:/Users/vadas/Documents/NetBeansProjects/AirlineReservation/AirlineReservation-war/web/smallSeatPlan.xhtml</file>
        </group>
    </open-files>
</project-private>
