<?xml version='1.0' encoding='UTF-8'?>
<faces-config version="2.2"
              xmlns="http://xmlns.jcp.org/xml/ns/javaee"
              xmlns:xsi="http://www.w3.org/2001/XMLSchema-instance"
              xsi:schemaLocation="http://xmlns.jcp.org/xml/ns/javaee http://xmlns.jcp.org/xml/ns/javaee/web-facesconfig_2_2.xsd">

    
    <application>
        <action-listener>org.primefaces.application.DialogActionListener</action-listener>
        <navigation-handler>org.primefaces.application.DialogNavigationHandler</navigation-handler>
        <view-handler>org.primefaces.application.DialogViewHandler</view-handler>
    </application>
      
     
     <navigation-rule>
        <from-view-id>index.xhtml</from-view-id>
        <navigation-case>
            <from-outcome>success</from-outcome>
            <to-view-id>userHome.xhtml</to-view-id>
        </navigation-case>
        
        <navigation-case>
            <from-outcome>fail</from-outcome>
            <to-view-id>index.xhtml</to-view-id>
        </navigation-case>
     </navigation-rule>
     
     <navigation-rule>
        <from-view-id>index.xhtml</from-view-id>
        <navigation-case>
            <from-outcome>empSuccess</from-outcome>
            <to-view-id>managerHome.xhtml</to-view-id>
        </navigation-case>
        
        <navigation-case>
            <from-outcome>empFail</from-outcome>
            <to-view-id>index.xhtml</to-view-id>
        </navigation-case>
     </navigation-rule>
     
     <navigation-rule>
        <from-view-id>searchflight.xhtml</from-view-id>
        <navigation-case>
            <from-outcome>success</from-outcome>
            <to-view-id>LoginSuccess.xhtml</to-view-id>
        </navigation-case>
     </navigation-rule>
     <navigation-rule>
        <from-view-id>index.xhtml</from-view-id>
        <navigation-case>
            <from-outcome>added</from-outcome>
            <to-view-id>index.xhtml</to-view-id>
        </navigation-case>
     </navigation-rule>
     
     <navigation-rule>
        <from-view-id>userHome.xhtml</from-view-id>
        <navigation-case>
            <from-outcome>success</from-outcome>
            <to-view-id>flightDetails.xhtml</to-view-id>
        </navigation-case>
     </navigation-rule>
     
     <navigation-rule>
        <from-view-id>managerHome.xhtml</from-view-id>
        <navigation-case>
            <from-outcome>success</from-outcome>
            <to-view-id>flightDetails.xhtml</to-view-id>
        </navigation-case>
     </navigation-rule>
     <navigation-rule>
        <from-view-id>flightDetails.xhtml</from-view-id>
        <navigation-case>
            <from-outcome>small</from-outcome>
            <to-view-id>smallSeatPlan.xhtml</to-view-id>
        </navigation-case>
     </navigation-rule>
     <navigation-rule>
        <from-view-id>flightDetails.xhtml</from-view-id>
        <navigation-case>
            <from-outcome>large</from-outcome>
            <to-view-id>largeSeatPlan.xhtml</to-view-id>
        </navigation-case>
     </navigation-rule>
</faces-config>
